,text ppl,rating loss,total loss,RMSE↓,MAE↓,B1↑,B4↑,USR↑,USN↑,DIV↓,FCR↑,FMR↑,R1-F↑,R1-R↑,R1-P↑,R2-F↑,R2-R↑,R2-P↑,RL-F↑,RL-R↑,RL-P↑,context ppl
NRT,69.44047499999999,0.9066000000000001,5.147049999999999,0.9521499999999999,0.7095749999999998,13.2996,1.05,0.19155000000000003,8462.75,2.09,0.058425000000000005,0.11652499999999999,15.9545,14.3064,20.979225,2.2245000000000004,2.1012999999999997,2.8434999999999997,12.098375,12.892949999999999,16.593725,
PETER,44.923125,0.91175,,0.95485,0.71195,19.569875,3.0092,0.4139,18286.5,1.2311,0.281175,0.77285,26.2787,23.83295,34.844425,6.65005,6.148650000000001,8.9772,19.80655,21.1216,28.3844,493.35339999999997
NRT_P,,,,,,12.93,0.96,0.17,,2.93,0.07,0.12,15.56,13.57,21.03,2.05,1.84,2.71,,,,
PETER+_P,,,,,,19.75,3.06,0.46,,1.2,0.31,0.77,26.35,23.99,34.71,6.71,6.23,9.04,,,,
