,text ppl,rating loss,total loss,RMSE↓,MAE↓,B1↑,B4↑,USR↑,USN↑,DIV↓,FCR↑,FMR↑,R1-F↑,R1-R↑,R1-P↑,R2-F↑,R2-R↑,R2-P↑,RL-F↑,RL-R↑,RL-P↑,context ppl
NRT,69.38986,0.9065200000000001,5.14624,0.9521000000000001,0.7088199999999999,13.25648,1.03908,0.19208000000000003,8486.0,2.1035,0.058640000000000005,0.11682,15.916559999999999,14.28822,20.909399999999998,2.21532,2.0951999999999997,2.82958,12.07722,12.86352,16.61886,
PETER,44.78196,0.9107199999999999,,0.9542999999999999,0.7114,19.578960000000002,3.00054,0.4133,18259.8,1.2305800000000002,0.27824,0.77332,26.26278,23.835140000000003,34.83224,6.62638,6.12762,8.96404,19.79006,21.11128,28.3821,492.4823399999999
NRT_P,,,,,,12.93,0.96,0.17,,2.93,0.07,0.12,15.56,13.57,21.03,2.05,1.84,2.71,,,,
PETER+_P,,,,,,19.75,3.06,0.46,,1.2,0.31,0.77,26.35,23.99,34.71,6.71,6.23,9.04,,,,
