,context ppl,text ppl,rating loss,RMSE↓,MAE↓,B1↑,B4↑,USR↑,USN↑,DIV↓,FCR↑,FMR↑,R1-F↑,R1-R↑,R1-P↑,R2-F↑,R2-R↑,R2-P↑,RL-F↑,RL-R↑,RL-P↑
PETER+,403.59235,25.8201,1.0274999999999999,1.01365,0.78565,20.3637,3.3451,0.2761,35709.0,1.07585,0.35135,0.85865,27.893749999999997,25.894399999999997,35.665350000000004,7.9383,7.3688,10.7784,21.630499999999998,23.06955,31.2021
PETER+_P,,,,,,20.8,3.43,0.34,,1.08,0.38,0.86,27.95,26.12,35.44,7.94,7.44,10.65,,,
